,name,aro,ava,regional_name,aro_swaras,ava_swaras,kritis,aro_seq,ava_seq,category,swaras,melam_num,janaka_melam,janaka,chakra,chakra_num,hind,songs,alternates,same_aro,same_ava,one_swara_diff,varnams
0,accan,"['s', 'r1', 'm1', 'p', 'd2', 'n2', 's.']","['s.', 'n2', 'd2', 'p', 'm1', 'g2', 's']",అచ్చన్,"['షడ్జమం', 'సుద్ద  రిషభం', 'సుద్ద మధ్యమం', 'పంచమం', 'చతుశృతి దైవతం', 'కైసికి నిషాదం', 'షడ్జమం']","['షడ్జమం', 'కైసికి నిషాదం', 'చతుశృతి దైవతం', 'పంచమం', 'సుద్ద మధ్యమం', 'సాధారణ  గాంధారం', 'షడ్జమం']",[],S|R1|M1|P|D2|N2|S',S'|N2|D2|P|M1|G2|S,శాడవ,"['m1', 'n2', 'g2', 's.', 'r1', 's', 'p', 'd2']",,10,నటకప్రియ,,,[],[],[],"['అంజనై', 'రసాలి', 'ఎల్లోన్', 'వనలి', 'గిరిజావళీ', 'తిరుమాచ్చుత', 'వసంతలీల', 'శ్రీనారాయని', 'కరజావళి', 'రత్నాభరణ', 'శ్రీకైవల్యం', 'భానుమతి', ' భ్రమరవర్ధిని', 'భ్రమరావర్దిని', 'అంధకారి', 'ఇంద్రపాద', 'గంగసూత']","['మాతంగగామిని', 'కోడై', 'కొత్రి', 'కన్నడసౌరాష్ట్ర', 'కోమగళ్', 'నగరి', 'కోకలి', 'అతిధత', 'జయంతసేన', 'ఇంద్రధను', 'సునాద']","['తోడీ', 'ఖరహరప్రియ', 'ధన్యాసి', 'సహానాయకన్', 'దేవమనోహారి']",[]
1,adibhairavi,"['s', 'm1', 'g2', 'm1', 'p', 'd1', 's.']","['s.', 'n2', 'd1', 'p', 'g2', 'r2', 's']",ఆదిభైరవి,"['షడ్జమం', 'సుద్ద మధ్యమం', 'సాధారణ  గాంధారం', 'సుద్ద మధ్యమం', 'పంచమం', 'సుద్ద దైవతం', 'షడ్జమం']","['షడ్జమం', 'కైసికి నిషాదం', 'సుద్ద దైవతం', 'పంచమం', 'సాధారణ  గాంధారం', 'చతుశృతి రిషభం', 'షడ్జమం']","[['న దిరు  దిరు ధిం   తనన-తిల్లన', 'ఎం. బాలమురళీకృష్ణ', ''], ['శ్రీ జగదీశ్వరి దుర్గ', 'లాల్గుడి జయరామన్', '']]",S|M1|G2|M1|P|D1|S',S'|N2|D1|P|G2|R2|S,ఔడవ-శాడవ,"['m1', 'd1', 'n2', 'g2', 's.', 's', 'r2', 'p']",,20,నటభైరవి,,,[],[],[],[],"['జయవాణి', 'గమనతరంగిని', 'రసకలాంబిక', 'పనువలట్టి', 'ఝాన్కారి', 'గణపైనది', ' జీవన్పురీ', 'జరంగి', 'గోమేధికప్రియ']","['తోడీ', 'భైరవి', 'ఖరహరప్రియ', 'మణిరంగు', 'బాగేశ్రీ']",[]
2,agamarudam,"['s', 'r2', 'g3', 'p', 'n2', 's.']","['s.', 'd1', 'p', 'm2', 'g3', 'r2', 's']",ఆగమారుదాం,"['షడ్జమం', 'చతుశృతి రిషభం', 'అంతర గాంధారం', 'పంచమం', 'కైసికి నిషాదం', 'షడ్జమం']","['షడ్జమం', 'సుద్ద దైవతం', 'పంచమం', 'ప్రతి మధ్యమం', 'అంతర గాంధారం', 'చతుశృతి రిషభం', 'షడ్జమం']",[],S|R2|G3|P|N2|S',S'|D1|P|M2|G3|R2|S,ఔడవ-శాడవ,"['d1', 'n2', 's.', 'm2', 's', 'r2', 'p', 'g3']",,62,రిషభప్రియ,,,[],[],[],"['చిత్రోదవి!', 'సింఘనాదం', 'సింహనాద', 'జనిని', ' వినవాడిని', 'స్వతి', 'నమ్మజహ్వర్', 'సురభిప్రియ']","['గోవిందధన్యాసి', 'పత్రవజయ్', 'అంగయార్కాన్ని', 'ముకుందకళ్యాణి', 'శ్రీరాంని', 'అధిపతి', 'ఓంశుద్ధరాగం', 'కండవాలి', 'భద్రవజహై', 'ఎజ్హిళానాయకన్', ' ఒడిశిల్', 'విన్నవాదాధిపతి', 'వేదగిరి', 'నేడియోన్', 'శివనాయకి', 'ఘంటవాలి', 'బృందావనదేశాక్షి', 'కనకకుసుమవాలి', 'రుచిరమణి']","['కళ్యాణి', 'షణ్ముఖప్రియ', 'నలత్తం', 'సారంగ', 'చారుకేశి']",[]
3,aguduri,"['s', 'r2', 'g3', 'p', 'd1', 's.']","['s.', 'n2', 'p', 'm2', 'g3', 'r2', 's']",అగుడురి,"['షడ్జమం', 'చతుశృతి రిషభం', 'అంతర గాంధారం', 'పంచమం', 'సుద్ద దైవతం', 'షడ్జమం']","['షడ్జమం', 'కైసికి నిషాదం', 'పంచమం', 'ప్రతి మధ్యమం', 'అంతర గాంధారం', 'చతుశృతి రిషభం', 'షడ్జమం']",[],S|R2|G3|P|D1|S',S'|N2|P|M2|G3|R2|S,ఔడవ-శాడవ,"['d1', 'n2', 's.', 'm2', 's', 'r2', 'p', 'g3']",,62,రిషభప్రియ,,,[],[],[],"['దేశక్సి', 'జరప', 'వసంతి', 'శిరువాజ్హుతునై', 'బదరీ', 'దివ్యతోరని', 'గోకులమూర్తి', 'యతక్సి', ' చిత్రిని', 'జనసమ్మోదిని', 'అంగరంగ', ' మార్గదేశిక']","['పద్మకాంతి', 'మంగయర్కరశి', 'ఇన్నిశాక్కడల్', 'అనువజ్హిప్రియన్', ' అరుల్నాయకి', 'దేవపుగాజ్హ్మణి', 'వినమృతం', 'కరుణాకరన్', 'కుటుంబిని']","['సారంగ', 'జ్యోతిస్వరూపిణి', 'వీసాకిని', 'వీరరాణి', 'విరన్']",[]
4,ahirinata,"['s', 'm1', 'g3', 'm1', 'p', 'd2', 'n3', 's.']","['s.', 'n3', 'p', 'd2', 'n3', 'p', 'g3', 'm1', 's']",అహిరినాట,"['షడ్జమం', 'సుద్ద మధ్యమం', 'అంతర గాంధారం', 'సుద్ద మధ్యమం', 'పంచమం', 'చతుశృతి దైవతం', 'కాకలి  నిషాదం', 'షడ్జమం']","['షడ్జమం', 'కాకలి  నిషాదం', 'పంచమం', 'చతుశృతి దైవతం', 'కాకలి  నిషాదం', 'పంచమం', 'అంతర గాంధారం', 'సుద్ద మధ్యమం', 'షడ్జమం']",[],S|M1|G3|M1|P|D2|N3|S',S'|N3|P|D2|N3|P|G3|M1|S,శాడవ,"['m1', 'n3', 's.', 's', 'p', 'd2', 'g3']",,29,ధీరశంకరాభరణం,,,[],[],[],"['పద్రధ్వని', 'పాటిరవ', 'మహానందిని', 'హరినాట', 'భానుత']",[],"['ధీరశంకరాభరణం', 'బిలహరి', 'కనడ', 'దర్బార్', 'దేవగాంధారి']",[]
5,citam,"['s', 'g3', 'm1', 'd1', 's.']","['s.', 'n2', 'd1', 'p', 'm1', 'g3', 'r2', 's']",చితం,"['షడ్జమం', 'అంతర గాంధారం', 'సుద్ద మధ్యమం', 'సుద్ద దైవతం', 'షడ్జమం']","['షడ్జమం', 'కైసికి నిషాదం', 'సుద్ద దైవతం', 'పంచమం', 'సుద్ద మధ్యమం', 'అంతర గాంధారం', 'చతుశృతి రిషభం', 'షడ్జమం']",[],S|G3|M1|D1|S',S'|N2|D1|P|M1|G3|R2|S,స్వరాంతర-సంపూర్ణ,"['m1', 'd1', 'n2', 's.', 's', 'r2', 'p', 'g3']",,26,చారుకేశి,,,[],[],[],"['సుధాకరప్రియ', 'శ్రీఅనక', 'ఉలగనేత్ర', 'ఆవిడైయర్', 'జలజవతి', 'సుఖంబల్', 'కోకిలగంధర్వ', 'ఉదసనన్', 'సుతకారప్రియ']","['మరుభి', 'జరప', 'సోమప్రతాపం', 'జతిరేష', 'తరంగిణి', 'సర్వభౌమ', 'సతిరేశ', 'చారుకేశి', 'పూర్వాధన్యాసి', 'సాదకవనం', 'శుక్రజ్యోతి', 'అంతరవాహిని', 'శివమనోహరి']","['ఆనంద', 'అభేరి', 'ఉమాభరణ', 'మరరంజని', 'విష్ణుప్రియ']",[]
6,citracandrika,"['s', 'g3', 'r2', 'm2', 'p', 'n3', 'd1', 's.']","['s.', 'n3', 'd1', 'm2', 'g3', 'r2', 's']",చిత్రచంద్రిక,"['షడ్జమం', 'అంతర గాంధారం', 'చతుశృతి రిషభం', 'ప్రతి మధ్యమం', 'పంచమం', 'కాకలి  నిషాదం', 'సుద్ద దైవతం', 'షడ్జమం']","['షడ్జమం', 'కాకలి  నిషాదం', 'సుద్ద దైవతం', 'ప్రతి మధ్యమం', 'అంతర గాంధారం', 'చతుశృతి రిషభం', 'షడ్జమం']",[],S|G3|R2|M2|P|N3|D1|S',S'|N3|D1|M2|G3|R2|S,సంపూర్ణ-శాడవ,"['d1', 'n3', 's.', 'm2', 's', 'r2', 'p', 'g3']",,63,లతంగి,,,[],[],[],['చాముండి'],"['లలితాంగి', 'కన్నయ్యకి']","['కుంతలం', 'కాంతామణి', 'ధాతువర్ధని', ' చిత్రంబరి', 'యోగజ్యోతి']",[]
7,citramalika,"['s', 'r2', 'g2', 'm1', 'p', 'd2', 'n3', 's.']","['s.', 'd2', 'p', 'm1', 'r2', 's']",చిత్రమాలిక,"['షడ్జమం', 'చతుశృతి రిషభం', 'సాధారణ  గాంధారం', 'సుద్ద మధ్యమం', 'పంచమం', 'చతుశృతి దైవతం', 'కాకలి  నిషాదం', 'షడ్జమం']","['షడ్జమం', 'చతుశృతి దైవతం', 'పంచమం', 'సుద్ద మధ్యమం', 'చతుశృతి రిషభం', 'షడ్జమం']",[],S|R2|G2|M1|P|D2|N3|S',S'|D2|P|M1|R2|S,సంపూర్ణ-ఔడవ,"['m1', 'g2', 'n3', 's.', 's', 'r2', 'p', 'd2']",,23,గౌరిమనోహరి,,,[],[],[],"['సాయక', 'విజయనారాయణి', 'గౌరీమనోహరి', 'సదయ', 'షంహ్బరీప్రియ', 'చిత్తోత్తమ', 'కోమల', 'కోదండ', 'సింధోత్తమ', 'దేశక్య', 'తిరుచ్చయమగళ్']","['హరిధర్భ', 'యాదవనాయకన్', 'కోన్', 'శ్రీసురగురు', 'పజ్హంతక్క', 'జనరంజని', 'శుధ్ధసావేరి', 'సేల్వమని', 'భిన్నవిక్రయం', 'లయమధ్య', 'ఘాంటైకురింజి', 'సెచ్చై', 'దేవశ్రయ', 'కల్హరు', 'దుర్గ', 'జావోన్నతి', 'నటనావతి', 'శోవై', 'నందనవలి']","['ధీరశంకరాభరణం', 'ఖరహరప్రియ', 'కనడ', 'దర్బార్', 'షహానా']",[]
8,citramandra,"['s', 'r1', 'g3', 'm1', 'n3', 's.']","['s.', 'n3', 'd1', 'p', 'm1', 'g3', 'r1', 's']",చిత్రమంద్ర,"['షడ్జమం', 'సుద్ద  రిషభం', 'అంతర గాంధారం', 'సుద్ద మధ్యమం', 'కాకలి  నిషాదం', 'షడ్జమం']","['షడ్జమం', 'కాకలి  నిషాదం', 'సుద్ద దైవతం', 'పంచమం', 'సుద్ద మధ్యమం', 'అంతర గాంధారం', 'సుద్ద  రిషభం', 'షడ్జమం']",[],S|R1|G3|M1|N3|S',S'|N3|D1|P|M1|G3|R1|S,ఔడవ-సంపూర్ణ,"['m1', 'd1', 'n3', 's.', 'r1', 's', 'p', 'g3']",,15,మాయామాళవగౌళ రాగము,,,[],[],[],"['మేఘారంజి', 'అవివర్ధన']","['బిన్దుహెరాలి', 'కుకుట', 'పరజు', 'మల్లికావసంతం', 'ఘనసింధు', 'మంగళకైశిక!', 'ప్రకారరంజని', 'మోహనకైశికి', 'సింహలలిత', 'మార్గసంజీవిని', 'ఛాయాకౌశిక', 'శేషప్రభాత', 'మేకబౌలి', 'మతిరుఅనిల', 'ఉచ్చికిజ', 'కాశీరామక్రియా', 'మాయామాళవగౌళ రాగము', 'గేయ', 'లిప్తలి', 'మాళవపంచమం', 'బౌలంగి', 'గుహాతిరుమలై', 'విల్లి', 'కేసభౌలి', 'ఇందల', ' సురసింధు', 'దారకవసంత', 'ఉస', ' మాళవగౌళ', 'పురాణకమ్', 'గుమ్మకాంభోజి', ' ఇషైకాదండైపద', ' ఉసన', 'ముడువన్', 'వేగవదిత్య', ' శనానాస్త్ర', 'మంగళకైశికి', 'యోగలీల', 'విరసంకాశిని', 'బ్రహ్మలీల']","['ఆనంద', 'గౌళ', 'మలహరి', 'బౌళి', 'పహాడి']",[]
9,haradharini,"['s', 'g1', 'm2', 'p', 'd1', 's.']","['s.', 'd1', 'p', 'm2', 'r1', 's']",హారధారిని,"['షడ్జమం', 'సుద్ద  గాంధారం', 'ప్రతి మధ్యమం', 'పంచమం', 'సుద్ద దైవతం', 'షడ్జమం']","['షడ్జమం', 'సుద్ద దైవతం', 'పంచమం', 'ప్రతి మధ్యమం', 'సుద్ద  రిషభం', 'షడ్జమం']",[],S|G1|M2|P|D1|S',S'|D1|P|M2|R1|S,ఔడవ,"['d1', 's.', 'm2', 'r1', 'g1', 's', 'p']",,37,సలగం,,,[],[],[],[],"['జలకేసరి', 'ఉత్తుంగమన', 'పుష్పలలిత', 'హస్తిని', 'శరచ్ఛందని', 'తిషయం', ' పరందామన్', 'నెక్కురోదం', 'తారాజ్యోతి', 'కన్నడకురింజి']","['సావేరి', 'వరాలి', 'మలయమరుతమ్', 'అమృతవర్షని', 'సాలగభైరవి']",[]
10,haramanohari,"['s', 'r2', 'g3', 'r2', 'm2', 'p', 'n3', 'd2', 'n3', 'p']","['s.', 'n3', 'd2', 'p', 'm2', 'g3', 'm2', 'r2', 's']",హారమనోహారి,"['షడ్జమం', 'చతుశృతి రిషభం', 'అంతర గాంధారం', 'చతుశృతి రిషభం', 'ప్రతి మధ్యమం', 'పంచమం', 'కాకలి  నిషాదం', 'చతుశృతి దైవతం', 'కాకలి  నిషాదం', 'పంచమం']","['షడ్జమం', 'కాకలి  నిషాదం', 'చతుశృతి దైవతం', 'పంచమం', 'ప్రతి మధ్యమం', 'అంతర గాంధారం', 'ప్రతి మధ్యమం', 'చతుశృతి రిషభం', 'షడ్జమం']",[],S|R2|G3|R2|M2|P|N3|D2|N3|P,S'|N3|D2|P|M2|G3|M2|R2|S,సంపూర్ణ,"['n3', 's.', 'm2', 's', 'r2', 'p', 'd2', 'g3']",,65,మేచకళ్యాణి,,,[],[],[],[],"['సరసకళ్యాణి', 'విదాంబ']","['సారంగ', 'షహానా', 'ఫలమంజరి', 'పుర్వగౌల', 'మహూరి']",[]
11,haranartana,"['s', 'r3', 'g3', 'r3', 'm1', 'p', 'n3', 'd2', 'n3', 's.']","['s.', 'n3', 'd2', 'n3', 'm1', 'g3', 'r3', 'g3', 's']",హరనర్తన,"['షడ్జమం', 'షట్శృతి రిషభం', 'అంతర గాంధారం', 'షట్శృతి రిషభం', 'సుద్ద మధ్యమం', 'పంచమం', 'కాకలి  నిషాదం', 'చతుశృతి దైవతం', 'కాకలి  నిషాదం', 'షడ్జమం']","['షడ్జమం', 'కాకలి  నిషాదం', 'చతుశృతి దైవతం', 'కాకలి  నిషాదం', 'సుద్ద మధ్యమం', 'అంతర గాంధారం', 'షట్శృతి రిషభం', 'అంతర గాంధారం', 'షడ్జమం']",[],S|R3|G3|R3|M1|P|N3|D2|N3|S',S'|N3|D2|N3|M1|G3|R3|G3|S,సంపూర్ణ-శాడవ,"['m1', 'n3', 's.', 's', 'p', 'd2', 'r3', 'g3']",,35,శులిని,,,[],[],['హారవర్ధన'],[],[],"['షహానా', 'వగదీశ్వరి', 'పుర్వగౌల', 'మహూరి', 'యోగసురభి']",[]
12,harenapi,"['s', 'g1', 'm2', 'p', 'd3', 's.']","['s.', 'd3', 'p', 'm2', 'g1', 's']",హారేనపి,"['షడ్జమం', 'సుద్ద  గాంధారం', 'ప్రతి మధ్యమం', 'పంచమం', 'షట్శృతి దైవతం', 'షడ్జమం']","['షడ్జమం', 'షట్శృతి దైవతం', 'పంచమం', 'ప్రతి మధ్యమం', 'సుద్ద  గాంధారం', 'షడ్జమం']",[],S|G1|M2|P|D3|S',S'|D3|P|M2|G1|S,ఔడవ,"['d3', 's.', 'm2', 'g1', 's', 'p']",,42,రఘప్రియ,,,[],[],[],[],[],"['సుఖ్యదాయిని', 'స్పుటలాపిని', 'సరస్వతిరంజని', ' సమాలపిని', 'సైకతశ్రోణి']",[]
13,kinnareshapriya,"['s', 'r1', 'g2', 'p', 'd2', 'n2', 's.']","['s.', 'n2', 'd2', 'p', 'g2', 'r1', 's']",కిన్నరేషాప్రియ,"['షడ్జమం', 'సుద్ద  రిషభం', 'సాధారణ  గాంధారం', 'పంచమం', 'చతుశృతి దైవతం', 'కైసికి నిషాదం', 'షడ్జమం']","['షడ్జమం', 'కైసికి నిషాదం', 'చతుశృతి దైవతం', 'పంచమం', 'సాధారణ  గాంధారం', 'సుద్ద  రిషభం', 'షడ్జమం']",[],S|R1|G2|P|D2|N2|S',S'|N2|D2|P|G2|R1|S,శాడవ,"['n2', 'g2', 's.', 'r1', 's', 'p', 'd2']",,10,నటకప్రియ,,,[],[],[],['తిరుఇందు'],['మంగళధన్యాసి'],"['సింధుభైరవి', 'నటకప్రియ', ' షడ్విధమర్గిని', 'భూపాల', 'జయంతసేన']",[]
14,kinnari,"['s', 'r2', 'm1', 'p', 's.']","['s.', 'n2', 'd1', 'm1', 'g2', 's']",కిన్నరీ,"['షడ్జమం', 'చతుశృతి రిషభం', 'సుద్ద మధ్యమం', 'పంచమం', 'షడ్జమం']","['షడ్జమం', 'కైసికి నిషాదం', 'సుద్ద దైవతం', 'సుద్ద మధ్యమం', 'సాధారణ  గాంధారం', 'షడ్జమం']",[],S|R2|M1|P|S',S'|N2|D1|M1|G2|S,స్వరాంతర-ఔడవ,"['m1', 'd1', 'n2', 'g2', 's.', 's', 'r2', 'p']",,20,నటభైరవి,,,[],[],[],"['శ్రీవివర్ధిని', 'కున్రి', 'కేతురు', 'సంకలితం', 'మనోహరన్', 'కేశవం', ' గాంధర్వమనోహారి', 'వీరవసంతం', 'నటనావతి']","['లోలంగి', 'హిందోళం', 'కౌరంజ', 'భానుచంద్రిక', 'మలకోష్', 'రుద్రఘంటారవ', 'కన్నడమల్లర్', 'గంభీరహిదోళం', 'కిల్లైధ్వని', 'మౌజీవకం', 'కౌశీలకం', 'అద్భోడం', 'రమ్యముఖి', 'మహాసుఖవతి', 'గ్రహపతి', 'క్రుంచం', 'కన్నడసలవి', 'పకరీతి']","['తోడీ', 'భైరవి', 'ఖరహరప్రియ', 'బాగేశ్రీ', 'హిందోళవసంత']",[]
15,kiradharini,"['s', 'g3', 'm2', 'p', 'd2', 's.']","['s.', 'd2', 'p', 'm2', 'g3', 's']",కిరధారిని,"['షడ్జమం', 'అంతర గాంధారం', 'ప్రతి మధ్యమం', 'పంచమం', 'చతుశృతి దైవతం', 'షడ్జమం']","['షడ్జమం', 'చతుశృతి దైవతం', 'పంచమం', 'ప్రతి మధ్యమం', 'అంతర గాంధారం', 'షడ్జమం']",[],S|G3|M2|P|D2|S',S'|D2|P|M2|G3|S,ఔడవ,"['s.', 'm2', 's', 'p', 'd2', 'g3']",,64,వాచస్పతి,,,[],[],[],"['జయమోహనమ్', 'సంభ్రందాకా', 'చంపరాంతకం', 'చంకరాంతకం', 'పడవై', 'వేంకటచలన్', 'గిరిధరిని', 'నైటీకై', 'పషితం', 'కలకహంస', 'మలయాలకురింజి', 'శుద్ధరసాలి']","['మావిజయకీర్తి', 'కువలయప్రియ', 'పతకం', 'మగంధర్వకోకిలం', 'నాగగిరి', ' సింధుదేశ్యమలవి', 'గిరిధరిని', 'పజముడిర్షోలై', 'రమణీయం', 'నాగశ్రీ']","['మోహనం', 'రసికరంజని', 'వందనాదరిని', 'అమృతబేహాగ్', 'అలంకరి']",[]
16,kiranabhaskaram,"['s', 'r2', 'g2', 'm1', 'n2', 's.']","['s.', 'n2', 'd2', 'p', 'm1', 'd2', 'm1', 'g2', 'r2', 's']",కిరణభాస్కరం,"['షడ్జమం', 'చతుశృతి రిషభం', 'సాధారణ  గాంధారం', 'సుద్ద మధ్యమం', 'కైసికి నిషాదం', 'షడ్జమం']","['షడ్జమం', 'కైసికి నిషాదం', 'చతుశృతి దైవతం', 'పంచమం', 'సుద్ద మధ్యమం', 'చతుశృతి దైవతం', 'సుద్ద మధ్యమం', 'సాధారణ  గాంధారం', 'చతుశృతి రిషభం', 'షడ్జమం']",[],S|R2|G2|M1|N2|S',S'|N2|D2|P|M1|D2|M1|G2|R2|S,ఔడవ-సంపూర్ణ,"['m1', 'n2', 'g2', 's.', 's', 'r2', 'p', 'd2']",,22,ఖరహరప్రియ,,,[],[],[],"['భోగవతి', 'భోగదేవక్రియ', 'శుభమతి']",['ఛాయశోభితామ్'],"['సురటి', 'అభేరి', 'గౌరీమనోహరి', 'బృందావని', 'ఉమాభరణ']",[]
17,mohanangi,"['s', 'r3', 'g3', 'p', 'd2', 's.']","['s.', 'd2', 'p', 'g3', 'p', 'd2', 'p', 'g3', 'r3', 's']",మోహనాంగి,"['షడ్జమం', 'షట్శృతి రిషభం', 'అంతర గాంధారం', 'పంచమం', 'చతుశృతి దైవతం', 'షడ్జమం']","['షడ్జమం', 'చతుశృతి దైవతం', 'పంచమం', 'అంతర గాంధారం', 'పంచమం', 'చతుశృతి దైవతం', 'పంచమం', 'అంతర గాంధారం', 'షట్శృతి రిషభం', 'షడ్జమం']","[['నమము న జీవము', 'ఎం. బాలమురళీకృష్ణ', '']]",S|R3|G3|P|D2|S',S'|D2|P|G3|P|D2|P|G3|R3|S,ఔడవ,"['s.', 's', 'p', 'd2', 'r3', 'g3']",,34,వాగధీశ్వరి,,,[],[],[],"['నాగవారిది', 'వివాడివా', 'విఖవతి']",[],"['మోహనం', 'రసికరంజని', 'విపుల', 'వర్ణరూపిణి', 'వలజి']",[]
18,mohanavacaspati,"['s', 'r2', 'g3', 'p', 'd2', 's.']","['s.', 'n2', 'd2', 'p', 'm2', 'g3', 'r2', 's']",మోహనవచస్పతి,"['షడ్జమం', 'చతుశృతి రిషభం', 'అంతర గాంధారం', 'పంచమం', 'చతుశృతి దైవతం', 'షడ్జమం']","['షడ్జమం', 'కైసికి నిషాదం', 'చతుశృతి దైవతం', 'పంచమం', 'ప్రతి మధ్యమం', 'అంతర గాంధారం', 'చతుశృతి రిషభం', 'షడ్జమం']",[],S|R2|G3|P|D2|S',S'|N2|D2|P|M2|G3|R2|S,ఔడవ-సంపూర్ణ,"['n2', 's.', 'm2', 's', 'r2', 'p', 'd2', 'g3']",,64,వాచస్పతి,,,[],[],[],"['దేవముఖి', 'భూప్', 'మాశ్రికారందరినీ', 'మోహనం', 'జయచుదామని', 'ప్రమేయ', 'హంసశ్రేణి', 'విల్లంబురీ', 'బిలహరి', 'సురపున్నాగం', 'దేవకుంజరి', 'మోహనధ్వని', 'మా-భోగకుసుమావళి', 'పారిజాత', ' మోహనకళ్యాణి', ' అరుల్నాయకి', 'హంసరూపిని', 'పులోమికం']","['తందొలిక', 'దమయంతి', 'మాశకన్', ' ఘటిత', 'భోగీశ్వరీ', 'వాచస్పతి', 'భగవతరంజన', 'విజయభరణి', 'శ్రీకేటకప్రియా', 'వేంకటచలన్', 'కేతకప్రియ', 'భుసావలి', 'వాసోధారి', 'పాశనారాయని', 'అంతరకొడిచ్చి', 'జగన్మామోహిని', 'దేవకుంజరి', 'భూషావతి', 'శారదిందుముఖి', ' సూర్యకమాధ్యమం', 'పంచనారాయణి']","['యదుకులకాంభోజి', 'హరికాంభోజి', 'ఖమస్', 'కేదారగౌళ', 'సరస్వతి']",[]
19,mohanavarali,"['s', 'r1', 'g1', 'm2', 'p', 'n1', 'd1', 'n1', 's.']","['s.', 'n1', 'p', 'd1', 'm2', 'g1', 'r1', 's']",మోహనవరాలి,"['షడ్జమం', 'సుద్ద  రిషభం', 'సుద్ద  గాంధారం', 'ప్రతి మధ్యమం', 'పంచమం', 'సుద్ద నిషాదం', 'సుద్ద దైవతం', 'సుద్ద నిషాదం', 'షడ్జమం']","['షడ్జమం', 'సుద్ద నిషాదం', 'పంచమం', 'సుద్ద దైవతం', 'ప్రతి మధ్యమం', 'సుద్ద  గాంధారం', 'సుద్ద  రిషభం', 'షడ్జమం']",[],S|R1|G1|M2|P|N1|D1|N1|S',S'|N1|P|D1|M2|G1|R1|S,సంపూర్ణ,"['n1', 'd1', 's.', 'm2', 'r1', 'g1', 's', 'p']",,37,సలగం,,,[],[],['భోగవరళి'],[],[],"['విజయకోకిల', 'విజయభుసావలి', 'విఘ్నరంజిత', 'వరాలి', 'వద్దంబరి']",[]
20,mohanavariti,"['s', 'r1', 'g3', 'p', 'd1', 'n3', 's.']","['s.', 'n3', 'd1', 'p', 'g3', 'r1', 's']",మోహనవరీతి,"['షడ్జమం', 'సుద్ద  రిషభం', 'అంతర గాంధారం', 'పంచమం', 'సుద్ద దైవతం', 'కాకలి  నిషాదం', 'షడ్జమం']","['షడ్జమం', 'కాకలి  నిషాదం', 'సుద్ద దైవతం', 'పంచమం', 'అంతర గాంధారం', 'సుద్ద  రిషభం', 'షడ్జమం']",[],S|R1|G3|P|D1|N3|S',S'|N3|D1|P|G3|R1|S,శాడవ,"['d1', 'n3', 's.', 'r1', 's', 'p', 'g3']",,15,మాయామాళవగౌళ రాగము,,,[],[],[],"['కుకుట', 'కాళింది', 'యుధిష్ఠిర', 'మల్మలై', 'నిస్కమ్', 'భర్మకేసరీ', 'పావిని', ' శనానాస్త్ర', 'పద్మవలి', 'బాగేశ్రీబహర్', 'దంబోలి']","['కాళింది', 'ముకుందామనోహారి', 'బౌళి', 'తులిక్యా', ' రేవగుప్తి', 'గంధరగౌళ', 'గోముఖి', 'పావిని', 'పురనీర్మై', 'పద్మవలి']","['గుర్జరి', 'స్మోకంబరి', 'యుధిష్ఠిర', 'యోగలీల', 'వురుగమంజరి']",[]
21,moksadayini,"['s', 'r2', 'g3', 'p', 'n1', 's.']","['s.', 'n1', 'p', 'g3', 'r2', 's']",మోక్షదాయిని,"['షడ్జమం', 'చతుశృతి రిషభం', 'అంతర గాంధారం', 'పంచమం', 'సుద్ద నిషాదం', 'షడ్జమం']","['షడ్జమం', 'సుద్ద నిషాదం', 'పంచమం', 'అంతర గాంధారం', 'చతుశృతి రిషభం', 'షడ్జమం']",[],S|R2|G3|P|N1|S',S'|N1|P|G3|R2|S,ఔడవ,"['n1', 's.', 's', 'r2', 'p', 'g3']",,25,మరరంజని,,,[],[],[],[],['జలజవతి'],"['మోహనం', 'హంసాధ్వని', 'బుధమనోహారి', 'వసంతి', 'దేశక్సి']",[]
22,mrdani,"['s', 'r2', 'g3', 'd1', 'n2', 's.']","['s.', 'n2', 'd1', 'g3', 'r2', 's']",మృదని,"['షడ్జమం', 'చతుశృతి రిషభం', 'అంతర గాంధారం', 'సుద్ద దైవతం', 'కైసికి నిషాదం', 'షడ్జమం']","['షడ్జమం', 'కైసికి నిషాదం', 'సుద్ద దైవతం', 'అంతర గాంధారం', 'చతుశృతి రిషభం', 'షడ్జమం']",[],S|R2|G3|D1|N2|S',S'|N2|D1|G3|R2|S,ఔడవ,"['d1', 'n2', 's.', 's', 'r2', 'g3']",,26,చారుకేశి,,,[],[],[],[],[],"['కేసర', 'వసంతి', 'దేశక్సి', ' వినవాడిని', ' వినసుఖం']",[]
23,natabharanam,"['s', 'r1', 'g2', 'm1', 'p', 'd2', 's.']","['s.', 'n2', 'd2', 'p', 'm1', 'g2', 'r1', 's']",నాటభరణం,"['షడ్జమం', 'సుద్ద  రిషభం', 'సాధారణ  గాంధారం', 'సుద్ద మధ్యమం', 'పంచమం', 'చతుశృతి దైవతం', 'షడ్జమం']","['షడ్జమం', 'కైసికి నిషాదం', 'చతుశృతి దైవతం', 'పంచమం', 'సుద్ద మధ్యమం', 'సాధారణ  గాంధారం', 'సుద్ద  రిషభం', 'షడ్జమం']",[],S|R1|G2|M1|P|D2|S',S'|N2|D2|P|M1|G2|R1|S,శాడవ-సంపూర్ణ,"['m1', 'n2', 'g2', 's.', 'r1', 's', 'p', 'd2']",,10,నటకప్రియ,,,[],[],['నాటభరణం'],"['కౌమారీ', 'నాదముఖరి', 'శ్రీశాంతభాషిణి', 'మార్గిని', 'నాట్యభరణం', 'నారదముఖరి', 'తీరుఅందివన్న', ' ఆరవమని', 'సాన్త్వభాసిని']","['నాగసుగంధి', 'అక్కపాద', 'అదుబలి', 'అక్కర', 'తిరుఇంద్రాణి', 'నాట్యభరణం', 'నటకప్రియ', 'అంకుశపాని', 'హనుమక్కోడియోన్', 'తిరుఇంద్ర', 'తిరుఇందు', 'ఇంద్రనీలం', 'అనిల', 'భ్రమరావర్దిని', 'సారంగభౌలి', 'ఇంద్రపాద', 'అశ్విని', 'ముహుర్తాధన్యాసి']","['తోడీ', 'ఖరహరప్రియ', 'ధన్యాసి', 'కపి', 'శ్రీ']",[]
24,natakapriya,"['s', 'r1', 'g2', 'm1', 'p', 'd2', 'n2', 's.']","['s.', 'n2', 'd2', 'p', 'm1', 'g2', 'r1', 's']",నటకప్రియ,"['షడ్జమం', 'సుద్ద  రిషభం', 'సాధారణ  గాంధారం', 'సుద్ద మధ్యమం', 'పంచమం', 'చతుశృతి దైవతం', 'కైసికి నిషాదం', 'షడ్జమం']","['షడ్జమం', 'కైసికి నిషాదం', 'చతుశృతి దైవతం', 'పంచమం', 'సుద్ద మధ్యమం', 'సాధారణ  గాంధారం', 'సుద్ద  రిషభం', 'షడ్జమం']","[['గీత వాద్య నటన', 'తంజావుర్ శంకర ఐయెర్', ''], ['ఇది సమయము బ్రోవ  రాదా', 'మైసూరు వసుదేవాచార్', ''], ['ఇరంగద సామినాథ', 'కోటీశ్వర ఐయెర్', ''], ['గీత వాద్య', 'తంజావుర్ శంకర ఐయెర్', 'http://www.karnatik.com/c2950.shtml'], ['ఇరంగాదా  సామినాథా', 'కోటీశ్వర ఐయెర్', 'http://www.karnatik.com/c1766.shtml'], ['నాటకప్రియా ఇంద', 'శుద్ధానంద  భారతి', 'http://www.karnatik.com/c1625.shtml']]",S|R1|G2|M1|P|D2|N2|S',S'|N2|D2|P|M1|G2|R1|S,సంపూర్ణ,"['m1', 'n2', 'g2', 's.', 'r1', 's', 'p', 'd2']",10,,,నేత్ర,2,[],[],[],"['ఇదిక్కోడియోన్', 'సకలవల్లనాయకి', 'ఇషైజ్యోతి', 'అగతి', 'అఖిలాండవల్లి', 'ఇదైక్కడన్', 'ఇంద్రకిలం', 'ఇంద్రధను', 'సకలవల్లనాయకన్', 'సూదీపక', 'అనాలి', ' యోగవతీ', 'అఘోరాప్రియ', 'నాటకతోడి', 'అన్నయ్య', 'ఇంద్రక']","['నాగసుగంధి', 'అక్కపాద', 'అదుబలి', 'అక్కర', 'తిరుఇంద్రాణి', 'నాట్యభరణం', 'అంకుశపాని', 'హనుమక్కోడియోన్', 'తిరుఇంద్ర', 'తిరుఇందు', 'ఇంద్రనీలం', 'అనిల', 'భ్రమరావర్దిని', 'సారంగభౌలి', 'ఇంద్రపాద', 'నాటభరణం', 'అశ్విని', 'ముహుర్తాధన్యాసి']","['తోడీ', 'ఖరహరప్రియ', 'సింధుభైరవి', 'కోకిలప్రియ', 'బాగేశ్రీ']",[]
25,natakatodi,"['s', 'r1', 'g2', 'm1', 'p', 'd2', 'n2', 's.']","['s.', 'd2', 'p', 'm1', 'g2', 'r1', 's']",నాటకతోడి,"['షడ్జమం', 'సుద్ద  రిషభం', 'సాధారణ  గాంధారం', 'సుద్ద మధ్యమం', 'పంచమం', 'చతుశృతి దైవతం', 'కైసికి నిషాదం', 'షడ్జమం']","['షడ్జమం', 'చతుశృతి దైవతం', 'పంచమం', 'సుద్ద మధ్యమం', 'సాధారణ  గాంధారం', 'సుద్ద  రిషభం', 'షడ్జమం']",[],S|R1|G2|M1|P|D2|N2|S',S'|D2|P|M1|G2|R1|S,సంపూర్ణ-శాడవ,"['m1', 'n2', 'g2', 's.', 'r1', 's', 'p', 'd2']",,10,నటకప్రియ,,,[],[],[],"['ఇదిక్కోడియోన్', 'నటకప్రియ', 'సకలవల్లనాయకి', 'ఇషైజ్యోతి', 'అగతి', 'అఖిలాండవల్లి', 'ఇదైక్కడన్', 'ఇంద్రకిలం', 'ఇంద్రధను', 'సకలవల్లనాయకన్', 'సూదీపక', 'అనాలి', ' యోగవతీ', 'అఘోరాప్రియ', 'అన్నయ్య', 'ఇంద్రక']","['పురాంతకమ్', 'తిరుమాచ్చుత', 'అరిందమన్', 'ఇదైక్కడన్', 'అరవిందలోచన', 'అమరేష', 'సింధుక్రియ', 'అంబోరుకట్టల్']","['తోడీ', 'ఖరహరప్రియ', 'ధన్యాసి', 'సహానాయకన్', 'శ్రీరంజని']",[]
26,natakuranji,"['s', 'r2', 'g3', 'm1', 'n2', 'd2', 'n2', 'p', 'd2', 'n2', 's.']","['s.', 'n2', 'd2', 'm1', 'g3', 's']",నటకురంజి,"['షడ్జమం', 'చతుశృతి రిషభం', 'అంతర గాంధారం', 'సుద్ద మధ్యమం', 'కైసికి నిషాదం', 'చతుశృతి దైవతం', 'కైసికి నిషాదం', 'పంచమం', 'చతుశృతి దైవతం', 'కైసికి నిషాదం', 'షడ్జమం']","['షడ్జమం', 'కైసికి నిషాదం', 'చతుశృతి దైవతం', 'సుద్ద మధ్యమం', 'అంతర గాంధారం', 'షడ్జమం']",[],S|R2|G3|M1|N2|D2|N2|P|D2|N2|S',S'|N2|D2|M1|G3|S,సంపూర్ణ-ఔడవ,"['m1', 'n2', 's.', 's', 'r2', 'p', 'd2', 'g3']",,29,ధీరశంకరాభరణం,,,['నాటకురంజి'],[],[],[],"['నర్తకి', 'ఎండోలిమలై', 'ఎల్లోన్', 'మేఘన', 'శకుంతల', 'కువలయానంది', 'శ్రీనటకురంజి']","['సారంగ', 'జన్జుటి', 'షహానా', 'నాగకురింజి', 'ఫలమంజరి']","[['నవ మోహనరంగ', 'కరూర్ దేవుడు అయ్యర్', 'ఆది'], ['ఇంటా అలుగ', 'కూవనసామయ్య', 'అట'], ['శ్రీ రాజాధిరాజ', 'బాలుస్వామి దీక్షితార్', 'అట'], ['చలమేళ', 'రంగస్వామి నట్టువర్', 'ఆది']]"
27,omkaraghosini,"['s', 'r1', 'm2', 'p', 'n2', 's.']","['s.', 'n2', 'p', 'm2', 'g3', 'r1', 's']",ఓంకారఘోసిని,"['షడ్జమం', 'సుద్ద  రిషభం', 'ప్రతి మధ్యమం', 'పంచమం', 'కైసికి నిషాదం', 'షడ్జమం']","['షడ్జమం', 'కైసికి నిషాదం', 'పంచమం', 'ప్రతి మధ్యమం', 'అంతర గాంధారం', 'సుద్ద  రిషభం', 'షడ్జమం']",[],S|R1|M2|P|N2|S',S'|N2|P|M2|G3|R1|S,ఔడవ-శాడవ,"['n2', 's.', 'm2', 'r1', 's', 'p', 'g3']",,50,నమనారాయని,,,[],[],[],"['మహదేవన్', 'అన్నవారిది', 'తప్పిలి', 'తిత్తమ్', 'పెనందోలి', 'పరపరి', 'ఏకాండోలి']","['నవ్వి', 'పతంగం', 'నాక్సిల్లైయార్', 'ఇంద్రాణి', 'తోటీ', 'శ్రీఓంకారఘోసిని', 'పషితం', 'నైప్పు', 'నేలి']","['నలత్తం', 'రామప్రియ', 'నమై', 'శుధ్ధబంగాల', 'నమనారాయని']",[]
28,omkarapriya,"['s', 'r1', 'm2', 'g3', 'm2', 'p', 'd2', 'n3', 's.']","['s.', 'n3', 'p', 'm2', 'g3', 's']",ఓంకారప్రియ,"['షడ్జమం', 'సుద్ద  రిషభం', 'ప్రతి మధ్యమం', 'అంతర గాంధారం', 'ప్రతి మధ్యమం', 'పంచమం', 'చతుశృతి దైవతం', 'కాకలి  నిషాదం', 'షడ్జమం']","['షడ్జమం', 'కాకలి  నిషాదం', 'పంచమం', 'ప్రతి మధ్యమం', 'అంతర గాంధారం', 'షడ్జమం']",[],S|R1|M2|G3|M2|P|D2|N3|S',S'|N3|P|M2|G3|S,సంపూర్ణ-ఔడవ,"['n3', 's.', 'm2', 'r1', 's', 'p', 'd2', 'g3']",,53,గమనశ్రమ,,,[],[],['బంగారప్రియ'],['గీతనాటని'],"['నీరేత్తి', 'విజయవసంతం', 'ఓం', 'జ్ఞానశృతినిరంజని', 'పార్టీవం', 'మాల్వసింధు', 'సమరరంజని', 'జయచుదామని', 'ఆయన్', 'పనచం', 'శీలంగి', 'వాగ్వముఖి', 'ఇషైవారిధి', 'మా-భోగకుసుమావళి', 'నిత్తికం', 'శుద్ధనిర్మద']","['కామవర్ధిని', 'హంసానంది', ' హామీర్కళ్యాణి', 'ఆహిరి', 'దేశ']",[]
29,omkarasvarupini,"['s', 'r2', 'g3', 'm2', 'p', 'n1', 's.']","['s.', 'n1', 'p', 'm2', 'g3', 'r2', 's']",ఓంకారస్వరూపిణి,"['షడ్జమం', 'చతుశృతి రిషభం', 'అంతర గాంధారం', 'ప్రతి మధ్యమం', 'పంచమం', 'సుద్ద నిషాదం', 'షడ్జమం']","['షడ్జమం', 'సుద్ద నిషాదం', 'పంచమం', 'ప్రతి మధ్యమం', 'అంతర గాంధారం', 'చతుశృతి రిషభం', 'షడ్జమం']",[],S|R2|G3|M2|P|N1|S',S'|N1|P|M2|G3|R2|S,శాడవ,"['n1', 's.', 'm2', 's', 'r2', 'p', 'g3']",,61,కాంతామణి,,,[],[],[],['కరతకతరంగిణి'],[],"['కుంతలం', 'కాంతామణి', 'యుద్ధప్రవర్తినీ', 'యమునకళ్యాణి', 'వర్షమతి']",[]
30,omkari,"['s', 'm2', 'p', 's.']","['s.', 'p', 'm2', 's']",ఓంకారీ,"['షడ్జమం', 'ప్రతి మధ్యమం', 'పంచమం', 'షడ్జమం']","['షడ్జమం', 'పంచమం', 'ప్రతి మధ్యమం', 'షడ్జమం']",[],S|M2|P|S',S'|P|M2|S,no_category,"['p', 's.', 'm2', 's']",,37,సలగం,,,[],[],[],[],[],['సర్వశ్రీ'],[]
31,omshuddharagam,"['s', 'g3', 'm2', 'p', 'n2', 's.']","['s.', 'd1', 'p', 'm2', 'g3', 'r2', 's']",ఓంశుద్ధరాగం,"['షడ్జమం', 'అంతర గాంధారం', 'ప్రతి మధ్యమం', 'పంచమం', 'కైసికి నిషాదం', 'షడ్జమం']","['షడ్జమం', 'సుద్ద దైవతం', 'పంచమం', 'ప్రతి మధ్యమం', 'అంతర గాంధారం', 'చతుశృతి రిషభం', 'షడ్జమం']",[],S|G3|M2|P|N2|S',S'|D1|P|M2|G3|R2|S,ఔడవ-శాడవ,"['d1', 'n2', 's.', 'm2', 's', 'r2', 'p', 'g3']",,62,రిషభప్రియ,,,[],[],[],"['హ్రాదిని', 'తపస్వినీ', 'మారన్', 'శ్రీకేటకప్రియా', 'కేతకప్రియ', 'నాగయుతం']","['గోవిందధన్యాసి', 'పత్రవజయ్', 'అంగయార్కాన్ని', 'ముకుందకళ్యాణి', 'శ్రీరాంని', 'అధిపతి', 'కండవాలి', 'భద్రవజహై', 'ఎజ్హిళానాయకన్', ' ఒడిశిల్', 'విన్నవాదాధిపతి', 'వేదగిరి', 'నేడియోన్', 'శివనాయకి', 'ఘంటవాలి', 'బృందావనదేశాక్షి', 'కనకకుసుమవాలి', 'రుచిరమణి', 'ఆగమారుదాం']","['నలత్తం', 'సారంగ', 'వాచస్పతి', 'కుంతలం', 'నమై']",[]
32,om,"['s', 'r2', 'g3', 'm2', 'p', 'd1', 'n3', 's.']","['s.', 'n3', 'p', 'm2', 'g3', 's']",ఓం,"['షడ్జమం', 'చతుశృతి రిషభం', 'అంతర గాంధారం', 'ప్రతి మధ్యమం', 'పంచమం', 'సుద్ద దైవతం', 'కాకలి  నిషాదం', 'షడ్జమం']","['షడ్జమం', 'కాకలి  నిషాదం', 'పంచమం', 'ప్రతి మధ్యమం', 'అంతర గాంధారం', 'షడ్జమం']",[],S|R2|G3|M2|P|D1|N3|S',S'|N3|P|M2|G3|S,సంపూర్ణ-ఔడవ,"['d1', 'n3', 's.', 'm2', 's', 'r2', 'p', 'g3']",,63,లతంగి,,,[],[],[],"['సారంగపాణి', 'ఇషాఇక్కడల్', 'గీతాప్రియా!', 'సరసమంటిని', 'మయురగిరి', 'ముకుందకళ్యాణి', 'ఎరకట్టన్నల్', 'సుకల్వరుపి', ' ఒడిశిల్', 'లతంగి', 'ఒచ్చై', 'సజ్జనానంది']","['నీరేత్తి', 'విజయవసంతం', 'జ్ఞానశృతినిరంజని', 'పార్టీవం', 'మాల్వసింధు', 'సమరరంజని', 'జయచుదామని', 'ఆయన్', 'ఓంకారప్రియ', 'పనచం', 'శీలంగి', 'వాగ్వముఖి', 'ఇషైవారిధి', 'మా-భోగకుసుమావళి', 'నిత్తికం', 'శుద్ధనిర్మద']","['కుంతలం', 'కాంతామణి', 'ధాతువర్ధని', ' చిత్రంబరి', 'యోగజ్యోతి']",[]
33,pantuvarali,"['s', 'r1', 'g3', 'm2', 'p', 'd1', 'n3', 's.']","['s.', 'n3', 'd1', 'p', 'm2', 'g3', 'r1', 's']",పంతువరాలి,"['షడ్జమం', 'సుద్ద  రిషభం', 'అంతర గాంధారం', 'ప్రతి మధ్యమం', 'పంచమం', 'సుద్ద దైవతం', 'కాకలి  నిషాదం', 'షడ్జమం']","['షడ్జమం', 'కాకలి  నిషాదం', 'సుద్ద దైవతం', 'పంచమం', 'ప్రతి మధ్యమం', 'అంతర గాంధారం', 'సుద్ద  రిషభం', 'షడ్జమం']","[['అమ్మా ఉన్నైయె', 'శుద్ధానంద  భారతి', 'http://www.karnatik.com/c1689.shtml'], ['అందుండక నే వేగ', 'త్యాగరాజ', 'http://www.karnatik.com/c1384.shtml'], ['అప్ప రామ భక్తి', 'త్యాగరాజ', 'http://www.karnatik.com/c1388.shtml'], ['చెలియ పై (వర్ణం)', 'తిరువెత్తియూర్ త్యాగయ్య', 'http://www.karnatik.com/c2980.shtml'], ['చూడరే చెలులార', 'త్యాగరాజ', 'http://www.karnatik.com/c2245.shtml'], ['దేవ జీవనం', 'శుద్ధానంద  భారతి', 'http://www.karnatik.com/c1677.shtml'], ['ఎన్నగను రామ భజన', 'భద్రాచల రామదాసు', 'http://www.karnatik.com/c2470.shtml'], ['కా మురుగయ్య', 'కోటీశ్వర ఐయెర్', 'http://www.karnatik.com/c1841.shtml'], ['కరుణాకరం శ్రీకరం', 'ఆర్. రామచంద్రన్ నైర్', 'http://www.karnatik.com/c3104.shtml'], ['మంగళం భవతు', 'ముథీహ్ భగవతర్', 'http://www.karnatik.com/c2001.shtml'], ['నారదముని వేదలిన', 'త్యాగరాజ', 'http://www.karnatik.com/c2589.shtml'], ['నిన్నె నెర', 'త్యాగరాజ', 'http://www.karnatik.com/c2448.shtml'], ['నిరుపమ సుందరాకారా', 'ఊతుక్కడు వెంకట కవి', 'http://www.karnatik.com/c1498.shtml'], ['నీయల్లవో', 'పాపనాసం  శివన్', 'http://www.karnatik.com/c1607.shtml'], ['పరమ పావన', 'త్యాగరాజ', 'http://www.karnatik.com/c2715.shtml'], ['రఘువర నన్ను', 'త్యాగరాజ', 'http://www.karnatik.com/c2739.shtml'], ['సారమే గాని', 'త్యాగరాజ', 'http://www.karnatik.com/c2811.shtml'], ['శంభో మహాదేవ', 'త్యాగరాజ', 'http://www.karnatik.com/c1442.shtml'], ['శరవణభవానంద', 'ముథీహ్ భగవతర్', 'http://www.karnatik.com/c2173.shtml'], ['శివ శివ శివ ఎనరాదా', 'త్యాగరాజ', 'http://www.karnatik.com/c1443.shtml'], ['శివానంద కామవర్ధని', 'జి. ఎన్. బాలసుబ్రమణ్యం', 'http://www.karnatik.com/c3079.shtml'], ['శోబానె', 'త్యాగరాజ', 'http://www.karnatik.com/c2832.shtml'], ['శ్రిష్థి స్థిత్యంతకారినీ', 'ముథీహ్ భగవతర్', 'http://www.karnatik.com/c2058.shtml'], ['సుమాచర జనక (తాన తిల్లానా )', 'పూచి శ్రీనివాస ఈయెంగర్', 'http://www.karnatik.com/c3268.shtml'], ['సుందరతర దేహాం', 'త్యాగరాజ', 'http://www.karnatik.com/c1280.shtml'], ['తాయే ఇదు దరుణం', 'కవి కుంజర భారతి', 'http://www.karnatik.com/c1065.shtml'], ['ఉనదు దయై ఎనై', 'పాపనాసం  శివన్', 'http://www.karnatik.com/c1606.shtml'], ['వాడేరా దైవము', 'త్యాగరాజ', 'http://www.karnatik.com/c2910.shtml'], ['విధియేమి జేయుదురా', 'త్యాగరాజ', 'http://www.karnatik.com/c2931.shtml']]",S|R1|G3|M2|P|D1|N3|S',S'|N3|D1|P|M2|G3|R1|S,సంపూర్ణ,"['d1', 'n3', 's.', 'm2', 'r1', 's', 'p', 'g3']",,51,కామవర్ధని,,,[],"[['స్వరములు ఏదైనా రాగాలెన్నో', 'శివరంజని']]",[],"['సింహావచందన', 'గమకప్రియ', 'నిర్క్కురంజి', 'సదరి', 'నిచ్చింటాన్', 'కామవర్ధిని', 'కుకుతాశ్రీ', 'మకుటాశ్రీ', 'నిట్టిలం', 'వనదయాకి', 'నీలందర్', 'హేమార్ణవం', 'రామనారాయణి', 'నిందం', 'నిచనం', 'భ్రమరతరంగిణి', 'నిత్తికం', ' చోదరంజని', 'నిషన్']","['నిశ్చిత్తం', 'సదరి', 'సారంగమని', 'తాటికపంచమం', 'కామవర్ధిని', 'దీపకం', 'శ్రావణకర్పితం', 'ఉన్నములై', 'నివన్', 'నిదర్తం', 'శస్త్రతిని', 'రాజసుందరి', 'సారంగి', 'నిరక్షమ్', 'నిరీక్షణం', 'మరుత్తి', 'నిస్కమ్', 'ష్వెతాంబుధి', 'ఖండజ్వలన', 'పద్మకెసరి', ' ప్రతాపం', 'కామధ్వజిత', 'నివరం', 'మందారి']","['వరాలి', 'నలత్తం', 'మాయామాళవగౌళ రాగము', 'గౌళిపంతు', 'శుభపంతువరాలి']","[['సామి నిన్నె', 'శతకాల నరసయ్య', 'ఆది'], ['మదవతి నీపై', 'పచ్చమిరియం అదియప్పా', 'అట']]"
34,pantu,"['s', 'r2', 'g3', 'm1', 'p', 's.']","['s.', 'n3', 'd2', 'p', 'n3', 'd2', 'm1', 'g3', 'r2', 's']",పంతు,"['షడ్జమం', 'చతుశృతి రిషభం', 'అంతర గాంధారం', 'సుద్ద మధ్యమం', 'పంచమం', 'షడ్జమం']","['షడ్జమం', 'కాకలి  నిషాదం', 'చతుశృతి దైవతం', 'పంచమం', 'కాకలి  నిషాదం', 'చతుశృతి దైవతం', 'సుద్ద మధ్యమం', 'అంతర గాంధారం', 'చతుశృతి రిషభం', 'షడ్జమం']",[],S|R2|G3|M1|P|S',S'|N3|D2|P|N3|D2|M1|G3|R2|S,ఔడవ-సంపూర్ణ,"['m1', 'n3', 's.', 's', 'r2', 'p', 'd2', 'g3']",,29,ధీరశంకరాభరణం,,,[],[],[],"['హరిప్రియ', 'సింధుమందిరి', 'ఇందుకన్నడ', 'రత్నభుసాని', 'అర్కావర్ధిని', 'హంసగంధర్వం', 'బుధారంజని', 'ద్విజక్రియ', 'ద్వితనండి', 'రాజతిలకం', 'ధ్వజక్రియ', 'హాస్యగాంధారి', 'ద్వైతానంది']","['సింధుమందిరి', 'సింధుముఖరి', 'బంధు']","['గౌరీమనోహరి', 'బంగలా', 'నాగనందిని', 'ఉమాభరణ', 'నాగచంద్రిక']",[]
35,panuvalatti,"['s', 'r2', 'g2', 'p', 'd1', 'n2', 's.']","['s.', 'n2', 'd1', 'p', 'g2', 'r2', 's']",పనువలట్టి,"['షడ్జమం', 'చతుశృతి రిషభం', 'సాధారణ  గాంధారం', 'పంచమం', 'సుద్ద దైవతం', 'కైసికి నిషాదం', 'షడ్జమం']","['షడ్జమం', 'కైసికి నిషాదం', 'సుద్ద దైవతం', 'పంచమం', 'సాధారణ  గాంధారం', 'చతుశృతి రిషభం', 'షడ్జమం']",[],S|R2|G2|P|D1|N2|S',S'|N2|D1|P|G2|R2|S,శాడవ,"['d1', 'n2', 'g2', 's.', 's', 'r2', 'p']",,20,నటభైరవి,,,[],[],[],"['గుమ్మవలి', 'సర్వరంజని', 'జరంగి', 'గోమేధికప్రియ', 'సారమతి', 'లతహితం', 'పురాశు', 'కింపురత', 'స్వర్ణరంజని']","['జయవాణి', 'గమనతరంగిని', 'రసకలాంబిక', 'ఝాన్కారి', 'ఆదిభైరవి', 'గణపైనది', ' జీవన్పురీ', 'జరంగి', 'గోమేధికప్రియ']","['అభేరి', 'హిందోళవసంత', 'బృందావని', 'భూపాల', 'గోపికాతిలకం']",[]
36,parabhrtavani,"['s', 'r2', 'p', 'd1', 'n2', 's.']","['s.', 'n2', 'd1', 'p', 'r2', 's']",పరాభ్రతవాణి,"['షడ్జమం', 'చతుశృతి రిషభం', 'పంచమం', 'సుద్ద దైవతం', 'కైసికి నిషాదం', 'షడ్జమం']","['షడ్జమం', 'కైసికి నిషాదం', 'సుద్ద దైవతం', 'పంచమం', 'చతుశృతి రిషభం', 'షడ్జమం']",[],S|R2|P|D1|N2|S',S'|N2|D1|P|R2|S,ఔడవ,"['d1', 'n2', 's.', 's', 'r2', 'p']",,20,నటభైరవి,,,[],[],[],"['భోసల', 'జోషిల']",['యోగభైరవి'],"['మధ్యమావతి', ' బృందావనసారంగ', 'భువనగాంధారి', 'వసంతి', 'రాతిపతిప్రియ']",[]
37,parai,"['s', 'r1', 'm2', 'p', 'n3', 's.']","['s.', 'm2', 'p', 'm2', 'r1', 's']",పరై,"['షడ్జమం', 'సుద్ద  రిషభం', 'ప్రతి మధ్యమం', 'పంచమం', 'కాకలి  నిషాదం', 'షడ్జమం']","['షడ్జమం', 'ప్రతి మధ్యమం', 'పంచమం', 'ప్రతి మధ్యమం', 'సుద్ద  రిషభం', 'షడ్జమం']","[['భజ భజ మనస', 'స్వాతి తిరునాళ్ రామ వర్మ', ''], ['చింతయే మహాలింగ మూర్తిం', 'ముత్తుస్వామి దీక్షితార్', ''], ['మధురంబ జయతి', 'ముత్తుస్వామి దీక్షితార్', ''], ['నిలయతక్షి నివె  జగత్సాక్షి', 'శ్యామ శాస్త్రి', ''], ['పన్నగశయన  పాహిమం', 'స్వాతి తిరునాళ్ రామ వర్మ', ''], ['సర్వ మంగళ', 'ముథీహ్ భగవతర్', ''], ['శ్రీ మహాలక్ష్మిమ్  భజేహం', 'మైసూరు వసుదేవాచార్', ''], ['శ్రీ శుక్ర భగవంతం', 'ముత్తుస్వామి దీక్షితార్', ''], ['తధిమ్ తింత తర', 'పట్నం సుబ్రమణ్య ఐయెర్', ''], ['తనోమ్ తనత ధీరణ', 'పూచి శ్రీనివాస ఈయెంగర్', ''], ['త్రిలోక మత నన్ను బ్రోవు', 'శ్యామ శాస్త్రి', ''], ['వందే సద పద్మనాభం', 'స్వాతి తిరునాళ్ రామ వర్మ', ''], ['వరమైన  నేత్రోత్సవమును', 'త్యాగరాజ', ''], ['ఆలావ -దేన్నల్లో  (పెరియ పురాణ కీర్తనై)', 'ఊతుక్కడు వెంకట కవి', 'http://www.karnatik.com/c3139.shtml'], ['ఆలావ -దేన్నల్లో  (పెరియ పురాణ కీర్తనై)', 'ఊతుక్కడు వెంకట కవి', 'http://www.karnatik.com/c3139.shtml'], ['తనోమ్  తనత (తిల్లానా)', 'పూచి శ్రీనివాస ఈయెంగర్', 'http://www.karnatik.com/c3270.shtml']]",S|R1|M2|P|N3|S',S'|M2|P|M2|R1|S,ఔడవ-స్వరాంతర,"['n3', 's.', 'm2', 'r1', 's', 'p']",,45,శుభపంతువరాలి,,,[],[],[],"['వ్యఘ్రమంజరి', 'యామిని', 'పిరవై', 'దేశ్యమరువ', 'కన్దజ్వలన', 'ప్రతిమధ్యమం', 'మరుత్తి', 'ఖండజ్వలన', 'మేచసావేరి', 'రామమూర్తి', 'గౌరీపంతు', 'తికాశం', 'సర్వకుంతల', ' దేవైలై', 'శక్తి', 'తరు']",[],"['శ్యామలి', 'యాక్సప్రియ', 'విశారద', 'విలక్షణ', 'విజయష్రి']",[]
38,sitakalyani,"['s', 'r1', 'g1', 'p', 'd2', 'n2', 's.']","['s.', 'n2', 'd2', 'p', 'g1', 'r1', 's']",సీతాకళ్యాణి,"['షడ్జమం', 'సుద్ద  రిషభం', 'సుద్ద  గాంధారం', 'పంచమం', 'చతుశృతి దైవతం', 'కైసికి నిషాదం', 'షడ్జమం']","['షడ్జమం', 'కైసికి నిషాదం', 'చతుశృతి దైవతం', 'పంచమం', 'సుద్ద  గాంధారం', 'సుద్ద  రిషభం', 'షడ్జమం']",[],S|R1|G1|P|D2|N2|S',S'|N2|D2|P|G1|R1|S,శాడవ,"['n2', 's.', 'r1', 'g1', 's', 'p', 'd2']",,10,నటకప్రియ,,,[],[],[],['కయజప్రియ'],"['కయజప్రియ', 'తాంత్రిలీల']","['వనస్పతి', ' ప్రతాపవరాలి', 'రసాలి', 'భానుమతి', 'విసిఅంబరీ']",[]
39,sitakirani,"['s', 'r2', 'g2', 'm2', 'p', 'd1', 'n1', 's.']","['s.', 'n1', 'd1', 'n1', 'p', 'm2', 'g2', 's']",సీతకిరని,"['షడ్జమం', 'చతుశృతి రిషభం', 'సాధారణ  గాంధారం', 'ప్రతి మధ్యమం', 'పంచమం', 'సుద్ద దైవతం', 'సుద్ద నిషాదం', 'షడ్జమం']","['షడ్జమం', 'సుద్ద నిషాదం', 'సుద్ద దైవతం', 'సుద్ద నిషాదం', 'పంచమం', 'ప్రతి మధ్యమం', 'సాధారణ  గాంధారం', 'షడ్జమం']",[],S|R2|G2|M2|P|D1|N1|S',S'|N1|D1|N1|P|M2|G2|S,సంపూర్ణ-శాడవ,"['d1', 'n1', 'g2', 's.', 'm2', 's', 'r2', 'p']",,55,షామలంగి,,,[],[],[],"['శ్యామలాంగి', 'కామతధ్వజం', 'గిటికిరాని', 'శ్రితక్రని']",[],"['కుంతలం', 'కాంతామణి', 'ఝానకరధ్వని', 'యౌతకం', 'వీసాకిని']",[]
40,tittanam,"['s', 'g2', 'p', 'd1', 's.']","['s.', 'n3', 'p', 'm2', 'r1', 's']",తిత్తానం,"['షడ్జమం', 'సాధారణ  గాంధారం', 'పంచమం', 'సుద్ద దైవతం', 'షడ్జమం']","['షడ్జమం', 'కాకలి  నిషాదం', 'పంచమం', 'ప్రతి మధ్యమం', 'సుద్ద  రిషభం', 'షడ్జమం']",[],S|G2|P|D1|S',S'|N3|P|M2|R1|S,స్వరాంతర-ఔడవ,"['d1', 'g2', 'n3', 's.', 'm2', 'r1', 's', 'p']",,45,శుభపంతువరాలి,,,[],[],[],"['వనన్', 'వరితే', 'మేఘవర్ణ', 'సాయిసిరి', 'పుంగలి', 'కేతుమాలన్', 'తిరుక్కిలత్తి', 'వాడనియన్', 'కేతు', 'వర్కరి', 'తలిచం', 'మహితన్', 'మధుపాటి', 'తందురై', 'తతకతమన్మలై', 'షెరాన్', 'శుధ్ధమరువ', 'ఏకనాయక', 'శాంతస్వరూపి', ' తమనిధిమలై', 'కీచకారీ', 'జ్ఞానవల్లి', 'పున్నం', 'పుషుదైప్రియ', 'మాంగళ్']","['తిండకం', 'రౌద్రగాంధారి', 'శుభవతి', 'గమనానిర్మల', 'యామిని', 'తోడుక్కమ్', 'గరుడవర్ధిని']","['వరాలి', 'కామవర్ధిని', 'పూర్వి', 'సింహేంద్రమధ్యమాం', 'అమృతవర్షని']",[]
41,titta,"['s', 'g2', 'm2', 'd1', 'n3', 's.']","['s.', 'n3', 'd1', 'm2', 'g2', 's']", తిట్ట,"['షడ్జమం', 'సాధారణ  గాంధారం', 'ప్రతి మధ్యమం', 'సుద్ద దైవతం', 'కాకలి  నిషాదం', 'షడ్జమం']","['షడ్జమం', 'కాకలి  నిషాదం', 'సుద్ద దైవతం', 'ప్రతి మధ్యమం', 'సాధారణ  గాంధారం', 'షడ్జమం']","[['నాద తనుమనిషం', 'త్యాగరాజ', 'http://www.karnatik.com/c1184.shtml']]",S|G2|M2|D1|N3|S',S'|N3|D1|M2|G2|S,ఔడవ,"['d1', 'g2', 'n3', 's.', 'm2', 's']",,57,సింహేంద్రమధ్యమాం,,,[],[],[],['టింత్రిని'],"['టింత్రిని', 'శుధ్ధస్వరవళి', 'సర్వాంగీ', 'అమృతవసంత', 'తరుకాన్ని']","['కాటారం', 'ఛాయరంజని', 'విరహాన్', 'విలక్షణ', ' వరునత్మజ']",[]
42,umabharana,"['s', 'r2', 'g3', 'm1', 'p', 'd2', 'n2']","['s.', 'n2', 'p', 'm1', 'r2', 'g3', 'm1', 'r2', 's']",ఉమాభరణ,"['షడ్జమం', 'చతుశృతి రిషభం', 'అంతర గాంధారం', 'సుద్ద మధ్యమం', 'పంచమం', 'చతుశృతి దైవతం', 'కైసికి నిషాదం']","['షడ్జమం', 'కైసికి నిషాదం', 'పంచమం', 'సుద్ద మధ్యమం', 'చతుశృతి రిషభం', 'అంతర గాంధారం', 'సుద్ద మధ్యమం', 'చతుశృతి రిషభం', 'షడ్జమం']","[['హయగ్రీవ అగస్త్య', 'ముథీహ్ భగవతర్', ''], ['నిజ మర్మములను దెలిసిన', 'త్యాగరాజ', ''], ['హయగ్రీవ  అగస్త్య', 'ముథీహ్ భగవతర్', 'http://www.karnatik.com/c2064.shtml'], ['నిజ మర్మములను', 'త్యాగరాజ', 'http://www.karnatik.com/c2658.shtml']]",S|R2|G3|M1|P|D2|N2,S'|N2|P|M1|R2|G3|M1|R2|S,సంపూర్ణ-శాడవ,"['m1', 'n2', 's.', 's', 'r2', 'p', 'd2', 'g3']",,28,హరికాంభోజి,,,[],[],[],"['కంభవతి', 'ద్వైతపరిపూరని']","['అంధోలోక', 'దుర్ధక్యాయం']","['ఖరహరప్రియ', 'సారంగ', 'జన్జుటి', 'షహానా', 'నాగకురింజి']",[]
43,umbalam,"['s', 'g3', 'p', 'd1', 's.']","['s.', 'n3', 'p', 'm2', 'r2', 's']",ఉమ్బలం,"['షడ్జమం', 'అంతర గాంధారం', 'పంచమం', 'సుద్ద దైవతం', 'షడ్జమం']","['షడ్జమం', 'కాకలి  నిషాదం', 'పంచమం', 'ప్రతి మధ్యమం', 'చతుశృతి రిషభం', 'షడ్జమం']",[],S|G3|P|D1|S',S'|N3|P|M2|R2|S,స్వరాంతర-ఔడవ,"['d1', 'n3', 's.', 'm2', 's', 'r2', 'p', 'g3']",,63,లతంగి,,,[],[],[],"['నవ్వి', 'చిత్రప్పలవి', 'నమై', 'భవహంస', 'ఇన్నిశాక్కడల్', 'ఏజహిళానాయకి', 'శ్రీఆదిత్య', 'నరుంతోఘై', 'దేవకుంజరిప్రియన్', 'అంబికేయ', 'నెల్లైనాయకి', 'నివరం', 'భ్రాత', 'కనకసభై', 'ఉవకై']","['వరదా', 'కనకభైరవి', 'విరన్', 'వర్కరి', 'హంసనాదం', ' ముచధ్వని', 'అందలినవరసం', 'మదర్మని', 'పింజకన్', 'స్కందమనోరమా', 'నవీనహంసనదా']","['కుంతలం', 'కాంతామణి', 'దేశ', 'ధాతువర్ధని', ' చిత్రంబరి']",[]
44,kalivasantam,"['s', 'r1', 'g2', 'm2', 'p', 'd1', 's.']","['s.', 'n1', 'p', 'm2', 'g2', 'r1', 's']",కాళివసంతం,"['షడ్జమం', 'సుద్ద  రిషభం', 'సాధారణ  గాంధారం', 'ప్రతి మధ్యమం', 'పంచమం', 'సుద్ద దైవతం', 'షడ్జమం']","['షడ్జమం', 'సుద్ద నిషాదం', 'పంచమం', 'ప్రతి మధ్యమం', 'సాధారణ  గాంధారం', 'సుద్ద  రిషభం', 'షడ్జమం']",[],S|R1|G2|M2|P|D1|S',S'|N1|P|M2|G2|R1|S,శాడవ,"['d1', 'n1', 'g2', 's.', 'm2', 'r1', 's', 'p']",,43,గవాంభోది,,,[],[],[],"['కోకిలదీప్తం', 'ప్రభాస', 'తారకపతిప్రియ', 'వళవన్', 'తారతలం', 'స్వర్ణదీపకం', 'కోకిలగీర్వాణి', 'వల్లవన్', 'తరుకనలన్', 'తరంగు', 'దివ్యకుంతల', 'జ్నలితం', 'సామంతవేళవాలి', 'తట్టంగి']","['మేచకాంభోజి', 'గోపికభరణం']","['సావేరి', 'శుభపంతువరాలి', 'సాలగభైరవి', 'భవప్రియ', 'గోదారి']",[]
45,deshyasindhumalavi,"['s', 'r2', 'g3', 'm2', 'p', 'd2', 'n3', 's.']","['s.', 'd2', 'p', 'g3', 'r2', 's']",దేశ్యసింధుమలవి,"['షడ్జమం', 'చతుశృతి రిషభం', 'అంతర గాంధారం', 'ప్రతి మధ్యమం', 'పంచమం', 'చతుశృతి దైవతం', 'కాకలి  నిషాదం', 'షడ్జమం']","['షడ్జమం', 'చతుశృతి దైవతం', 'పంచమం', 'అంతర గాంధారం', 'చతుశృతి రిషభం', 'షడ్జమం']",[],S|R2|G3|M2|P|D2|N3|S',S'|D2|P|G3|R2|S,సంపూర్ణ-ఔడవ,"['n3', 's.', 'm2', 's', 'r2', 'p', 'd2', 'g3']",,65,మేచకళ్యాణి,,,[],[],[],"['ఆదికావింపిరియన్', 'సరసకళ్యాణి', 'మేచకళ్యాణి', 'దేవధన్యాసి', 'సనాతనికళ్యాణి', 'శాంతకళ్యాణి', 'సుప్రసవినీ', 'శశిధరిత్రి', 'మాల్వసింధు', 'శ్రితానుకీర్తి', 'యమునా', ' సింధుదేశ్యమలవి', 'హుత్తరి', 'దాటిబలం', ' తష్పిపల', 'హంవీరు', 'మైత్రభవిని', 'హోత్రరి']","['శుధ్ధకాంతం', 'దేవాత్తిరు', 'శంకరమోహన', 'దినకరన్', 'శశిధరిత్రి', 'భూప్', 'నటనామోహన', 'మోహనం', 'కలాభరణం', 'దీపికవిజయం', 'మకనకభావని', 'గరుడధ్వని', 'మాకనకగిరి', 'ముకుందవాచస్పతి', 'దేవహంసధ్వని', 'శివగంగై']","['ధీరశంకరాభరణం', 'కళ్యాణి', 'బేగడ', 'బిలహరి', 'అతనా']",[]
46,shuddhanata,"['s', 'g3', 'm1', 'p', 'n3', 's.']","['s.', 'n3', 'p', 'm1', 'g3', 's']",షుద్ధనత,"['షడ్జమం', 'అంతర గాంధారం', 'సుద్ద మధ్యమం', 'పంచమం', 'కాకలి  నిషాదం', 'షడ్జమం']","['షడ్జమం', 'కాకలి  నిషాదం', 'పంచమం', 'సుద్ద మధ్యమం', 'అంతర గాంధారం', 'షడ్జమం']",[],S|G3|M1|P|N3|S',S'|N3|P|M1|G3|S,ఔడవ,"['m1', 'n3', 's.', 's', 'p', 'g3']",,29,ధీరశంకరాభరణం,,,[],[],[],"['సహులి', 'రామచుదమని', 'మల్లికావసంతం', 'త్రిశులిని', 'గాంభీర్యాణత', 'మార్గభద్ర', 'మల్లారి', 'అరుణచంద్రిక', 'ఉరగమంజరి', 'మదనరేఖ', 'వేదండగమన', 'మన్దశ్రాంత', 'సామంతమల్లార్', 'రుద్రాభిషేకం', 'శివానకిని', 'సత్కవిత', 'శెంగల్వరై', 'ఉప్పై', 'సెచ్చై', 'జజలవాసిని', 'జలజవాసిని', 'ముడువన్', 'వేగవదిత్య', 'హిందుస్తానీబేహాగ్', 'ముకుందమంజరి', 'జగన్మోహిని', 'కమలమనోహరి']","['నాదప్రియ', 'షికారి', 'సీనక్కరమ్', 'శివశీరుమణి', 'స్మసి', 'వసంతమనోహరి', 'మల్లారి', 'శెంగుంరీ', 'అరుణచంద్రిక', 'వేదండగమన', 'ప్రతాపకోకిల', 'దేవికారకం', 'శుద్ధాకన్నడ', 'నాగనిలంబరి', 'దేవనాయకి', 'శుధ్ధజింగల', ' శశివదన']","['హంసాధ్వని', 'కేదరం', 'పూర్ణచంద్రిక', 'నాగస్వరవాలి', 'జగన్మోహిని']",[]
47,sukhasundari,"['s', 'g2', 'm1', 'd1', 's.']","['s.', 'n2', 'p', 'm1', 'g2', 'r1', 's']",సుఖసుందరి,"['షడ్జమం', 'సాధారణ  గాంధారం', 'సుద్ద మధ్యమం', 'సుద్ద దైవతం', 'షడ్జమం']","['షడ్జమం', 'కైసికి నిషాదం', 'పంచమం', 'సుద్ద మధ్యమం', 'సాధారణ  గాంధారం', 'సుద్ద  రిషభం', 'షడ్జమం']",[],S|G2|M1|D1|S',S'|N2|P|M1|G2|R1|S,స్వరాంతర-శాడవ,"['m1', 'd1', 'n2', 'g2', 's.', 'r1', 's', 'p']",,8,హనుమతోడి,,,[],[],[],"['జ్ఞాని', 'మమంజు', 'కీలులవధ్వని', 'సకలలోక', 'ధీరవరాలి', 'శ్రీకేశవప్రియ', 'షెర్మాన్', 'శివమంజు']","['ఇదిక్కోడియోన్', 'సబందం', ' అమృతధన్యాసి', ' గోమూర్తకం', 'నాదగిరి', 'మౌత్కధన్యాసి', 'భారతి', 'రాజరత్న', 'సమంతశ్రీమణి', ' కాలహంసగమిని', 'అప్సన్', 'అంధర్మదేవి', 'సారతిగౌళ', 'తిరుచ్చెన్దిల్వేల్', 'అసురగురు', 'అత్సపక']","['ముఖరీ', 'ఆనందభైరవి', 'ఆనంద', 'పున్నాగవరాలి', ' అసావేరి']",[]
48,vitanashanki,"['s', 'r3', 'g3', 'm1', 'p', 'd1', 'n3', 's.']","['s.', 'd1', 'p', 'm1', 'p', 'g3', 'r3', 's']",విత్తనాశంకి,"['షడ్జమం', 'షట్శృతి రిషభం', 'అంతర గాంధారం', 'సుద్ద మధ్యమం', 'పంచమం', 'సుద్ద దైవతం', 'కాకలి  నిషాదం', 'షడ్జమం']","['షడ్జమం', 'సుద్ద దైవతం', 'పంచమం', 'సుద్ద మధ్యమం', 'పంచమం', 'అంతర గాంధారం', 'షట్శృతి రిషభం', 'షడ్జమం']",[],S|R3|G3|M1|P|D1|N3|S',S'|D1|P|M1|P|G3|R3|S,సంపూర్ణ-శాడవ,"['m1', 'd1', 'n3', 's.', 's', 'p', 'r3', 'g3']",,33,గాంగేయభూషణి,,,[],[],[],"['గాంగేయభూషణి', 'గంగాతరంగిణీ', 'గీతమూర్తి']",[],"['మాయామాళవగౌళ రాగము', 'నాటా', 'గౌళిపంతు', 'సరసాంగి', 'పరజు']",[]
49,vijayashri,"['s', 'r1', 'g1', 'm2', 'p', 'n3', 's.']","['s.', 'n3', 'p', 'm2', 'g1', 'r1', 's']",విజయష్రి,"['షడ్జమం', 'సుద్ద  రిషభం', 'సుద్ద  గాంధారం', 'ప్రతి మధ్యమం', 'పంచమం', 'కాకలి  నిషాదం', 'షడ్జమం']","['షడ్జమం', 'కాకలి  నిషాదం', 'పంచమం', 'ప్రతి మధ్యమం', 'సుద్ద  గాంధారం', 'సుద్ద  రిషభం', 'షడ్జమం']","[['వర నారద నారాయణ', 'త్యాగరాజ', ''], ['ఆనందరూపం', 'ముథీహ్ భగవతర్', 'http://www.karnatik.com/c1952.shtml'], [' నీలాయతాక్షిహి', 'ముథీహ్ భగవతర్', 'http://www.karnatik.com/c2147.shtml'], ['వర నారద', 'త్యాగరాజ', 'http://www.karnatik.com/c2913.shtml']]",S|R1|G1|M2|P|N3|S',S'|N3|P|M2|G1|R1|S,శాడవ,"['n3', 's.', 'm2', 'r1', 'g1', 's', 'p']",,41,పావని,,,[],[],[],"['జ్వలిక', 'గిరిశప్రియ', 'అదిదేశ్య']","['హంసవవేళావళి', 'కుంభిని', 'గిరిశప్రియ', 'నటనవేళవలి', 'రవిక్రియ', 'ప్రతిమధ్యమం', 'మేచసావేరి', 'రవిక్రియ', 'ధౌలికై']","['వరాలి', 'పరై', 'అమృతవర్షని', 'రఘప్రియ', ' ప్రతాపవరాలి']",[]
